Source_id,Sentence_en
1,"In this tutorial, we will learn about:"
2,"""And he said unto them, Verily I say unto you, I say unto you, I say unto you, I say unto you, I say unto you, I say unto you."""
3,"To do so, go to the top right corner of the page, click on the page."
4,"So, we can see that the output is displayed in the current directory."
5,"""And he said unto them, I say unto you, I say unto you, I say unto you, The sea, The sea is the sea of the sea."""
6,"In this tutorial, we will learn about:"
7,Child has affection in you.
8,We can see that the output is displayed as percentage.
9,"""And he said unto them, If ye shall say unto you, I say unto you, Whatsoever ye shall not say unto you."""
10,"""In this lesson you have learnt about the five great elements of the world, and the world, and the world."""
11,You all must speak.
12,What is the king?
13,"To do so, go to the terminal, click on the tab."
14,"Now, let us see how to add a new user account."
15,Click on the tab.
16,We can see that the output is displayed in the Code Files link.
17,"""In this lesson you have learnt about the five great elements of the five great elements."""
18,You all must speak.
19,"To record this tutorial, I am using: Ubuntu Linux OS 16.04"
20,We can see that the output is displayed.
21,These two are two are two draces.
22,"""In this lesson you will learn about Surya Padmasana."""
23,We can see that the output is displayed.
24,We can see that the number of the number of the number of the number of the person is displayed.
25,"""In this lesson you have learnt about the three parts of the three parts of the three parts of the three parts of the three parts of the three parts of the earth."""
26,"""In this lesson you will be able to be able to create a few seconds."""
27,This is a tree.
28,Boy displays affection in you.
29,"""And he said unto them, I say unto you, I say unto you, I say unto you, I say unto you, I say unto you."""
30,"In this tutorial, we will learn about: Ubuntu Linux OS 16.04 and Koha version 7.1."
31,"Now, let us go to the terminal."
32,"""After studying this lesson, you will be able to:"""
33,"Now, I will select the layer mask and press Ctrl + Ctrl + Ctrl + Ctrl + Ctrl + Ctrl + Ctrl + Ctrl + Ctrl + Ctrl + Ctrl + Ctrl + Ctrl + Ctrl + Ctrl + Ctrl + Ctrl + Ctrl + Ctrl + Ctrl + Ctrl + Ctrl + Ctrl + Ctrl + Ctrl + Ctrl + E + E + E + E + E + Ctrl + E + E + E + E + E + E + Ctrl + E + E + E + E + E + E + E + E + E + E + E + E + E + E + E + Ctrl + E + E + E + Z and"
34,"Now, let us go to the end of this tutorial."
35,"""In this lesson you will learn about the five great elements."""
36,"""And he said unto them, I say unto you, I say unto you, I say unto you, I say unto you, I say unto you."""
37,"""In this lesson you will learn about the importance of India."""
38,"""And Jesus answered and said unto them, If ye shall say unto you, I say unto you, I say unto you."""
39,"""In this lesson you will learn about the five great elements of the body."""
40,"In this tutorial, we will learn about:"
41,3. What is the main function of India?
42,"""And when they had taken him, they had taken him, they were astonished at the midst of the mountains of the world."""
43,This brings us to the end of this tutorial.
44,"In this tutorial, we will learn about:"
45,"""After studying this lesson, you will be able to"""
46,"So, type: System dot out dot println within brackets."
47,"For more details, please write to contact@spoken-tutorial.org"
48,"In this tutorial, we will learn how to create a new Budget."
49,"Now, let us see how to add a new user account."
50,"""And Jesus answering said unto them, What is the Son of the Lord Jesus Christ, and the Lord Jesus Christ."""
51,"To record this tutorial, I am using: Ubuntu Linux OS 16.04"
52,We can see that the output is true.
53,We can see that the output is displayed.
54,"Now, let us see how to create a new Budget."
55,"In this tutorial, we will learn about:"
56,"""After studying this lesson, you will be able to"""
57,We both must speak.
58,"To do so, go to the terminal and press Enter."
59,"""After studying this lesson, you will be able to"""
60,"""And when they had taken their eyes, they were able to pass, they were able to eat."""
61,"To do so, go to the terminal."
62,Then type:
63,We can see that the output is true.
64,We can see that the output is displayed here.
65,"""In this lesson you will learn about the five rounds of the body."""
66,"""Pranayama: One who is the most important of the form of the world, which is the world."""
67,"Now, let us see what happens if you want to do this?"
68,"""In this lesson you will learn about the final position of the body, and the body is different parts of the body."""
69,"""In this lesson you can also learn about the process of the different parts of the different parts of the body."""
70,"Now, we can see the output as shown here."
71,"""After studying this lesson, you will be able to"""
72,These two are two draces.
73,"To do so, type the following code as shown here."
74,We will also learn about some common errors.
75,This is a teacher.
76,"""And he said unto them, A certain man, and said unto him, Thou shalt not come to the Son of God."""
77,We can see that the output is displayed.
78,We can see that the output is displayed.
79,These two are two trees.
80,What is the king?
81,"""And he said unto them, We can see that there is no man's house."""
82,"""In this lesson you will be able to increase the ground, the ground."""
83,"In this tutorial, we will learn about:"
84,Child has love in you all.
85,"""And he said unto them, If ye shall say unto you, I say unto you, I say unto you."""
86,"""In this lesson you will be able to be able to create a few rounds."""
87,"""In this lesson you will be able to learn about the body."""
88,"Now, I will click on the left hand side of the canvas."
89,We can see that the output is true.
90,What is the main cause of the world?
91,"In this tutorial, we will learn about:"
92,"""And when they had heard the land of the mountains, he was called the earth, and the seven angels of the earth, and the seven angels of the earth."""
93,"""In this lesson you have learnt about the five types of the body, and the body of the body."""
94,"In this tutorial, we will learn how to create a new Budget."
95,"""In this lesson you will be able to create a few rounds."""
96,"To do so, click on the tab."
97,Who is you all?
98,You all must speak.
99,We can see that the output is displayed in the following command.
100,"""In this lesson you will be able to learn how to be able to be able to another."""
101,"""And he said unto them, If he was a certain man, he was called unto them."""
102,"""In this lesson you will be able to be able to another."""
103,"""And he said unto them, What is the Son of God."""
104,"""And Jesus answered and said unto them, If ye shall say unto you, I say unto you, I say unto you, I say unto you."""
105,"Now, let us go to the bottom of the page."
106,"""In this lesson you will learn about: One who is the five great elements, which is the five great elements."""
107,"""After studying this lesson, you will be able to"""
108,What is the king?
109,The fruit of the two armies.
110,Who is those ?
111,Click on the Add button at the bottom of the page.
112,The fruit of the two armies.
113,"""And when he had spoken, he had spoken unto them, he went into the synagogues, and took him."""
114,"""After studying this lesson, you will be able to"""
115,"In this tutorial, we will learn how to create a new Budget."
116,We can see that the output is displayed.
117,"Now, type: ls space do hyphen o space do hyphen o space hyphen o space hyphen o space hyphen o space hyphen o space."
118,"In this tutorial, we will learn about:"
119,We can see that the output is displayed.
120,"""And he said unto them, A certain man which is the Son of the Lord, and the kingdom of God, and the kingdom of God, and the kingdom of God, and the Lord."""
121,"So, we can see that the output is the command name of the current directory."
122,We can see that the output is displayed.
123,"""Sriyah: One who is the bestows in the world, and the world."""
124,We can see that the output has been copied by default.
125,"In this tutorial, we will learn about:"
126,You all must speak.
127,Child has affection in those all.
128,"Now, let us see what happens here."
129,"So, type: System dot out dot println within brackets."
130,We can see that the output is true.
131,"""After studying this lesson, you will be able to:"""
132,"In this tutorial, we have learnt about:"
133,"So, we can see that the output is not visible."
134,We can see that the output is displayed here.
135,"Now, let us see what happens here."
136,2. What is the main function of the main function?
137,"So, we can see that the output is displayed."
138,"In this tutorial, we will learn about:"
139,"In this tutorial, we will learn how to create a new Budget."
140,"In this tutorial, we will learn how to create a particular module."
141,We both must speak.
142,"To follow this tutorial, you will learn about:"
143,"Now, let us see what happens."
144,"""Inhale, raise the ground, raise the ground."""
145,You can see that there is a small amount.
146,What is the king?
147,"If not, for relevant tutorials, please visit our website."
148,"For more details, please write to contact@spoken-tutorial.org"
149,"For more details, please write to contact@spoken-tutorial.org"
150,"""And when they had heard that they had heard him, when they had heard him, he had heard him."""
151,"Now, let us go to the end of this tutorial."
152,"In this tutorial, we will learn about:"
153,We can see that the output is true.
154,"For more details, please write to contact@spoken-tutorial.org"
155,We can see that the output is true.
156,"Now, type the command: ls space testdir space testdir and press Enter."
157,We can see that the output is true.
158,"""In this lesson you will learn about: One who is the five great elements."""
159,"""After studying this lesson, you will be able to"""
160,"""And he said unto them, I say unto you, I say unto you, I say unto you, I say unto you, I say unto you."""
161,"""In this tutorial, we have learnt about: egged, egged, economy."""
162,"""And he said unto them, If ye shall say unto you, I say unto you, I say unto you."""
163,I will speak.
164,We can see that the output is displayed in the variable name.
165,"""After studying this lesson, you will be able to"""
166,"In this tutorial, we will learn about:"
167,"""Inhale, raise the ground, raise the right nostril."""
168,"In this tutorial, we will learn to create a new Budget."
169,"""And when I say unto you, I say unto you, I say unto you, I say unto you, I say unto you, I say unto you, I say unto you."""
170,"""After studying this lesson, you will be able to"""
171,"So, I can see that the image is a bit more."
172,"For example, we can see that the name of the current directory is the current directory."
173,"""And he said unto them, Thou shalt not say unto the Son of God, and the Lord Jesus Christ."""
174,"""And he said unto them, A certain woman of the Jews, and the people of the Jews, and the Lord Jesus Christ."""
175,We can see that the output is true.
176,Click on the Add button at the bottom of the page.
177,"For more details, please write to contact@spoken-tutorial.org"
178,We can see that the output is displayed in the file.
179,"""After studying this lesson, you will be able to"""
180,The fruit of the two armies.
181,"To follow this tutorial, I am using:"
182,"Here, we can see that the name of the file name is displayed in the file."
183,You all must speak.
184,We can see that the output is displayed as percentage of the current directory.
185,We can see that the output is displayed.
186,"""After studying this lesson, you will be able to:"""
187,"""After studying this lesson, you will be able to:"""
188,"Now, let us change the mouse button at the bottom of the canvas."
189,"""In this lesson we have learnt how to create a great elements of the earth, and to be taken into the earth."""
190,"""Inhale, raise the ground, raise the right nostril."""
191,"Spoken Tutorial Project is funded by NMEICT, MHRD, Government of India."
192,"For more details, please write to contact@spoken-tutorial.org"
193,"""And he said unto them, I say unto you, I say unto you, I say unto you, I say unto you, I say unto you."""
194,"""Sur: One who is the most important of the world, which is the world, which is the form of the Vedas."""
195,"""In this lesson you will be able to increase the floor and the ground."""
196,You all will speak.
197,"""In this lesson you will be able to learn about: It is a different types of India."""
198,"""And he said unto them, If he was a certain man, he was a man."""
199,"Now, I will select the Saturation and I will select the Saturation of the Saturation and I will select the Saturation."
200,What is the main cause of the world?
201,"""After studying this lesson, you will be able to:"""
202,"Now, let us go to the end of this tutorial."
203,These two are two draces.
204,"""If you do not be able to do so, you will be able to see."""
205,"""And he said unto them, I say unto you, I say unto you, I say unto you, I say unto you."""
206,We can see that the output is the output is displayed.
207,"Now, click on the tab and drag it to the bottom of the page."
208,Click on the Update button.
209,I will do this.
210,"""In this lesson you will be able to increase the ground."""
211,"In this tutorial, we will learn how to create a particular module."
212,Click on the Address bar and click on the drop-down button.
213,"Now, let us change the output as shown here."
214,"In this tutorial, we will learn about: Ubuntu Linux OS 16.04"
215,"In this tutorial, we will learn about:"
216,We can see that the output is displayed in the file.
217,"""And Jesus answered and said unto them, What is the Son of the Lord Jesus Christ Jesus."""
218,Boy displays affection in you.
219,"Now, we can see the output as shown here."
220,"""And Jesus answered and said unto them, Verily I say unto you, I say unto you, I say unto you, I say unto you."""
221,"In this tutorial, we will learn about:"
222,Child has affection in you.
223,"Now, I will select the values of the file as shown here."
224,"""And Jesus answered and said unto him, I say unto you, I say unto you, I say unto you, I say unto you, I say unto you."""
225,"""Srih: One who is the bestows in the world, and the worlds."""
226,"""In this lesson you will be able to develop the body."""
227,In this lesson you will learn about:
228,"""And he said unto them, If he was a certain man, he was called unto them, he was called unto them."""
229,Type the command: ls space minus l and press Enter.
230,"""And he said unto them, A certain man's house of the earth, and the earth, and the earth."""
231,"""In this lesson you will be able to create a single point of the body."""
232,Those two are two girls.
233,We can see that the output is displayed as percentage.
234,Those two are two are two are two.
235,"In this tutorial, we will learn how to create a new Budget."
236,"""And he said unto them, I say unto you, I say unto you, I say unto you, I say unto you."""
237,"""After studying this lesson, you will be able to"""
238,"""And he said unto them, A certain woman of the Lord, and the Son of God, and the Lord Jesus Christ, and the Lord Jesus."""
239,"""In this lesson you will be able to learn how to increase the body."""
240,"""In this lesson you have learnt about the five great elements of the three parts of the three parts of the earth."""
241,"""In this way, you can see that there is a few seconds, the players should be used to be used in the body."""
242,"In this tutorial, we have learnt how to print the elements of the current directory."
243,What is the son of the Lord?
244,"In this tutorial, we will learn how to create a new Budget."
245,"""After studying this lesson, you will be able to:"""
246,"""And Jesus answered and said unto them, What is the Son of God, and the Son of God."""
247,"""In this lesson you have learnt about the five great elements of the Supreme Brahman, which is called 'Paratha' and the Supreme 'Panga, which is the Supreme Brahman, which is the Supreme Brahman, which is the Supreme Brahman."""
248,"Now, click on the left hand side of the canvas."
249,We can see that the output is displayed here.
250,"""In this lesson you will be able to be able to learn about a great elements."""
251,"""And when they had heard that they had heard him, when they had heard him, they had heard him."""
252,These two are two are two.
253,We can see that the output is true.
254,"""And he said unto them, I say unto you, If ye shall say unto you, I say unto you, I say unto you."""
255,I think this is myself.
256,Let us go to the end of this tutorial.
257,"""And he said unto them, What is the disciples of the Lord Jesus Christ."""
258,"Now, click on the Next button at the bottom of the page."
259,"""After studying this lesson, you will be able to:"""
260,"""For I say unto you, I say unto you, I say unto you, I say unto you."""
261,"Now, let us go to the Koha interface."
262,"In this tutorial, we will learn how to create a new Budget."
263,"In this tutorial, we will learn about: During the values of the string."
264,Those two are two girls.
265,"Now, we can see the output as shown here."
266,"So, type:"
267,"""In this lesson you will be able to learn how to learn about the five great elements."""
268,"""After studying this lesson, you will be able to:"""
269,We can also also learn about the final variable.
270,"""And he said unto them, If he was a certain man, he was a certain man."""
271,"""And Jesus answering said unto them, What is the Son of the Lord Jesus Christ, and the Lord Jesus Christ Jesus."""
272,We can see that the output is displayed here.
273,"Now, let us switch back to the terminal."
274,We can see that the output is displayed.
275,"""In this lesson you have learnt about the five great elements, which is called aspected, economy."""
276,"So, let us see what happens here."
277,"To do so, go to the top right corner of the page."
278,"""And he said unto them, Saul, Saul, and the chief priests and the chief priests and the chief priests and the chief priests of the Son of the chief priests."""
279,We can see that the output is not visible.
280,"In this tutorial, you will learn about:"
281,"So, I select the layer mask and you can see the layer mask."
282,We can see that the output is displayed.
283,"In this tutorial, we will learn about:"
284,"In this tutorial, we will learn about:"
285,"Now, let us look at the program."
286,"""In this lesson you have learnt about the five great elements of the five great elements, which is called asanas and the earth."""
287,"""And he said unto them, A certain woman of the Jews, and said unto him, What is the Lord is the Son of the Son of the Son of the Lord Jesus Christ."""
288,"""After studying this lesson, you will be able to"""
289,"""And when he had heard him, he went into the synagogue, and took him."""
290,"Now, let us switch back to our slides."
291,"In this tutorial, we will learn how to create a new Budget."
292,"""And he said unto them, I say unto you, I say unto you, I say unto you, I say unto you, I say unto you."""
293,"Now, let us see what happens here."
294,The fruit of the two armies.
295,"""And he said unto them, A certain man, and said unto him, Thou shalt not come to the Son of God."""
296,We can see that the output is displayed.
297,We can see that the output has been copied to 30.
298,"In this tutorial, we will learn about: I am using: Ubuntu Linux OS 16.04"
299,"""In this lesson you have learnt about the five great elements of the five great elements of the body."""
300,"Now, let us see what happens here."
301,"""And he said unto them, Verily I say unto you, I say unto you, I say unto you, I say unto you."""
302,"""In this lesson you will be able to develop the body."""
303,"Now, we can see that the output is displayed in the same page."
304,"""And when he had taken him, he had taken him, he went into the temple."""
305,Scroll down and click on Save button at the bottom of the page.
306,"To do so, go to the terminal, click on the tab."
307,"""And when they had heard him, he went into the synagogue, and took him."""
308,"""After studying this lesson, you will be able to"""
309,"""And he said unto them, Verily I say unto you, If I say unto you, I say unto you, I say unto you, I say unto you, I say unto you."""
310,"""And he said unto them, I say unto you, I say unto you, I say unto you, I say unto you, I say unto you."""
311,"Now, let us go to the end of this tutorial."
312,"""And when they had taken him, they had taken him in the midst of the mountains of the world."""
313,"Now, let us see how to create a new Budget."
314,"Now, type the following code as shown here."
315,"""After studying this lesson, you will be able to"""
316,"""In this lesson you will learn about the five great elements of the plants and the body."""
317,"""After studying this lesson, you will be able to"""
318,"""And he said unto them, If he was this man, he was a man, he was a man."""
319,"""After studying this lesson, you will be able to develop the body."""
320,"""After studying this lesson, you will be able to"""
321,"Now, I will leave the same thing as shown here."
322,Those two are two are two are two.
323,"""In this lesson you have learnt about the five types of Sukshma Vyayama is the body."""
324,"""In this lesson you will learn how to be able to be able to be able to another."""
325,"Now, let us switch back to the Koha interface."
326,I will speak.
327,Click on the tab.
328,We can see that the output is displayed in the current directory.
329,"Now, let us see how to add a new user account."
330,"In this tutorial, we will learn about:"
331,We can see that the output is true.
332,We can see that the output is displayed.
333,"""In this lesson you will be able to create a few seconds."""
334,"In this tutorial, we will learn how to create a variable name."
335,"Now, I will select the layer mask and press Ctrl + Ctrl + Ctrl + Ctrl + Ctrl + Ctrl + Ctrl + Ctrl + Ctrl + Ctrl + Ctrl + Ctrl + Ctrl + Ctrl + Ctrl + Ctrl + Ctrl + Ctrl + Ctrl + Ctrl + Ctrl + Ctrl + Ctrl + E to undo this."
336,"So, we can see that the output is displayed here."
337,The fruit of the god is there.
338,"In this tutorial, we will learn how to create a new Budget."
339,"Now, we can see the output as shown here."
340,"""And he said unto them, Verily I say unto you, Verily I say unto you, I say unto you, I say unto you."""
341,"""And when they had heard him, they were astonished, he went into the synagogue, and took him."""
342,"In this tutorial, we will learn about:"
343,"""Po: One who is the most important of the world, and the worlds."""
344,We can see that the output is displayed here.
345,What is the main cause of the world?
346,Child has love in you all.
347,"""And when he had heard him, he went into the synagogue, and took him."""
348,"""And Jesus answered and said unto them, If ye shall say unto you, I say unto you."""
349,"To do so, click on the tab."
350,"""In this tutorial, we have learnt about the five great elements of the earth, which is of the earth, which is called Sama, which is called 'Paratha' and the earth, which is the Sanskrit."""
351,"Now, let us go to the terminal."
352,"In this tutorial, we will learn how to create a new Budget."
353,"Now, we can see that the output is displayed here."
354,We can see that the output is displayed.
355,"""After studying this lesson, you will be able to"""
356,Click on the drop-down button at the bottom of the page.
357,"To do so, go to the terminal, click on the tab."
358,We can see that the output has been copied by default.
359,"""And he said unto them, Lord, I will be able to be able to pass."""
360,The fruit of the god is there.
361,"""After studying this lesson, you will be able to"""
362,"""Pranayama: One who is the bestows in the form of all beings."""
363,"To do so, go to the terminal, click on the tab."
364,"Now, let us see what happens here."
365,"""In this lesson you can see that the process of the process of the players should be used in the body."""
366,"""And he said unto them, What is the Lord is the Lord of God."""
367,"So, type: System dot out dot println within brackets."
368,"""In this lesson you will learn about: One who is the three parts of the three parts of India."""
369,"""And when they had taken their eyes, they were able to pass, they were able to pass, they were able to another."""
370,"For more details, please write to contact@spoken-tutorial.org"
371,"In the Search bar, type:"
372,Click on the drop-down button at the bottom of the drop-down box.
373,We can see that the output is displayed here.
374,"""And he said unto them, I say unto thee, I say unto thee, Saul, Saul, and the Son of the Lord, and the Son of God, and the Son of God, and the Son of God."""
375,"So, we can see that the output is displayed here."
376,"Now, I will select the Saturation and press Ctrl + S keys."
377,Boy displays affection in you.
378,"""Among the chariots, the god is the chariots."""
379,"To follow this tutorial, you will learn about:"
380,What is the king of the world?
381,"""Primi: One who is the form of the world, which is the world."""
382,Click on the tab.
383,"""In this lesson you have learnt about the five great elements of the three parts of the earth."""
384,"""And he said unto them, I say unto you, I say unto you, I say unto you, I say unto you, I say unto you."""
385,We can see that the output is true.
386,We can see that the output is displayed.
387,We will see the output as follows.
388,"To do so, go to the terminal, click on the tab."
389,"""After studying this lesson, you will be able to"""
390,I will select the image.
391,"In this tutorial, we will learn about:"
392,Boy displays affection in you.
393,"""After studying this lesson, you will be able to"""
394,"In this tutorial, we will learn about:"
395,"""In this lesson you will learn about the great elements of the world, and the world, and the world."""
396,We can see that the output is displayed.
397,We can see that the output is true.
398,"In this tutorial, we will learn about:"
399,"""And he said unto them, I say unto you, If ye shall not be able to pass, and to be able to be able to see."""
400,"So, I will select the values of the Saturation."
401,In this lesson you will learn about:
402,The fruit of the two armies.
403,Click on the drop-down button at the bottom of the drop-down box.
404,We can see that the output is displayed.
405,"""After studying this lesson, you will be able to"""
406,Those two are two girls.
407,We can see that the number of the number of the 'n' and 'n' and 'n' and 'n' and 'n' and 'n' and 'c'.
408,"""In this lesson you have learnt about the three parts of the three parts of the three parts of the roots."""
409,"""And he said unto them, If he was a certain man, he was called unto them."""
410,"So, I will select the values of the Saturation and the Saturation."
411,"So, type: System dot out dot println within brackets."
412,This is a teacher.
413,This is a tree.
414,"""And when he had heard him, he went into the synagogue, and took him."""
415,"""For we are in the world, and the world, and the worlds are of the world, and the flesh, and the flesh."""
416,Click on the drop-down button at the bottom of the page.
417,"""And he said unto them, I say unto you, If I say unto you, I say unto you, I say unto you, I say unto you."""
418,"To do so, click on the tab."
419,"""And he said unto them, A certain woman of the disciples of the Jews, and the Jews, and the Lord Jesus Christ Jesus."""
420,"In this tutorial, we will learn about:"
421,Click on the Add button at the bottom of the page.
422,The fruit of the two armies.
423,"In this tutorial, we will learn about:"
424,"To do so, click on the tab."
425,"""And he said unto them, Verily I say unto you, I say unto you, If I say unto you, I say unto you, I say unto you, I say unto you."""
426,3. What is the main cause of the world?
427,The concept of the god is there.
428,"""And he said unto them, I say unto you, I say unto you, I say unto you, I say unto you."""
429,More information on this mission is available at this link.
430,Click on the drop-down button at the bottom of the page.
431,"""After studying this lesson, you will be able to:"""
432,"""And Jesus answered and said unto them, What is the Son of the Lord Jesus Christ, and the Lord Jesus Christ."""
433,"""And he said unto them, I say unto thee, I say unto thee, I say unto thee, I say unto thee, Saul, I say unto thee, and the Lord, and the Son of God."""
434,Let us summarize.
435,"Now, let us go to the Koha interface."
436,"For more details, please write to contact@spoken-tutorial.org"
437,We can see that the output is displayed.
438,"""In this lesson you will be able to create a few rounds."""
439,We can see that the number of the number of the number of the number of the array is displayed.
440,"In this tutorial, we will learn about:"
441,These two are two dancers.
442,"""And he said unto them, I say unto you, If ye shall say unto you, I say unto you, I say unto you."""
443,"So, type: System dot out dot println within brackets."
444,"""And he said unto them, What is the Son of the Son of the Lord Jesus Christ Jesus."""
445,"""In this lesson you will be able to increase the ground."""
446,"""And he said unto them, If ye shall not say unto you, We shall not be able to see."""
447,Child has love in you all.
448,"""And he said unto them, Verily I say unto you, I say unto you, I say unto you, I say unto you."""
449,"In this tutorial, we will learn about:"
450,We can see that the output has been used to be used to be used in the beginning of the system.
451,"To do so, click on the tab."
452,We both must speak.
453,We will also learn about:
454,"So, I will select the Saturation and I will select the Saturation slider."
455,"""And when they had taken him, they were astonished, he went out of the people, and took him."""
456,"""After studying this lesson, you will be able to"""
457,We can see that the output is displayed in the string.
458,"""And he said unto them, If ye shall not say unto you, I say unto you."""
459,"Now, let us see how to add a new Budget."
460,These two are two trees.
461,"""After studying this lesson, you will be able to:"""
462,"""In this tutorial, we have learnt about: Ubuntu Linux OS, Ma, Ma, Mi, Ma, Malabhásana."""
463,"Now, let us go to the end of this tutorial."
464,"Now, type: System dot println within brackets and press Enter."
465,Those two are two are two.
466,"""In this lesson you will be able to learn how to be able to another."""
467,"In the Search bar, type:"
468,"""For I say unto you, If I say unto you, I say unto you, I say unto you, I say unto you, I say unto you."""
469,"Now, let us go to the end of this tutorial."
470,"Now, type the following code as shown here."
471,"Now, let us learn how to create a particular module."
472,"In this tutorial, we will learn about:"
473,You can see that there is a little bit more than a bit more.
474,"""After studying this lesson, you will be able to be able to:"""
475,"""And he said unto them, I say unto you, I say unto you, I say unto you, I say unto you, I say unto you."""
476,"To do so, click on the tab."
477,"""And Jesus answered and said unto him, Thou shalt thou shalt thou shalt thou, and the Son of God."""
478,What is the son of the son?
479,"To do so, go to the terminal and press Enter."
480,"""And he said unto them, I say unto you, I say unto you, I say unto you, I say unto you."""
481,I am a devotee.
482,"""Sur: One who is the most important of the most important of the world, which is the world, which is the world, which is the world, which is the world, which is the son of the son of the Lord."""
483,"""In this lesson you will be able to"""
484,The Spoken Tutorial Project Team conducts workshops using spoken tutorials.
485,"In this tutorial, we have learnt how to print the values of the string."
486,"""And he said unto them, If ye shall say unto him, I say unto you, I say unto you, Whatsoever ye shall say unto you."""
487,"""After studying this lesson, you will be able to"""
488,We can see that the output is displayed here.
489,"""And when they had heard that they had heard him, when they had heard him, he had heard him."""
490,"""And Jesus answered and said unto them, Thou shalt not say unto him, and the Son of the Lord Jesus Christ."""
491,What is the main cause of the world?
492,"To follow this tutorial, I am using:"
493,"""After studying this lesson, you will be able to:"""
494,"""After studying this lesson, you will be able to"""
495,"""In this lesson you have learnt about the five great elements of the world, and the earth, and the mind of the world."""
496,We can see that the output is displayed here.
497,In this lesson you will learn about:
498,"Now, let's change here."
499,"""And he said unto them, What is the son of the son of the son of the son of the son of the son of God."""
500,Boy displays affection in you.
501,"""After studying this lesson, you will be able to"""
502,"In this tutorial, we will learn about:"
503,"""And when they had taken him, they were astonished, he went out of the synagogues, and took him."""
504,You all must speak.
505,We can see that the output is true.
506,"Now, let us see what happens here."
507,"In this tutorial, we will learn about:"
508,"For example, we can see that the name of the current directory is in the current directory."
509,"In this tutorial, we will learn how to create a new Budget."
510,We can see that the output is displayed here.
511,"In this tutorial, we will learn about:"
512,"""And Jesus answered and said unto him, Thou shalt thou shalt thou shalt not the Son of God."""
513,"""And when they had taken him, they had taken him in the midst of the sun, the world, the world, the world."""
514,"""And he said unto them, I say unto you, If ye shall say unto you, I say unto you."""
515,What is the main cause of the world?
516,"Now, we can see that the output is displayed here."
517,"""And Jesus answered and said unto them, Thou shalt not say unto you, and the Son of God."""
518,"""In this lesson you will be able to create a few rounds."""
519,"Now, I will select the values of the Source."
520,"""In this lesson you will learn about the five great elements, which is called aspected."""
521,"""In this lesson you have learnt about:"
522,"In this tutorial, we will learn about:"
523,"""After studying this lesson, you will be able to:"""
524,"Now, let us see how to create a new user account."
525,What is the moral of the world?
526,"Now, click on the image."
527,What is the son of the world?
528,We can see that the output is true.
529,You all must speak.
530,Those two are two are two.
531,Click on the Add button at the bottom of the page.
532,"To do so, go to the top right-click on the right."
533,"In this tutorial, we will learn how to create a particular module."
534,We can see that the output has been copied.
535,"Now, I will select the Saturation and press Ctrl + Ctrl + Ctrl + A keys."
536,"""And he said unto them, If ye shall not be able to be able to pass."""
537,"""And he said unto them, I say unto you, Take a man, that ye may not be able to pass, and to be able to pass, and to be able to give."""
538,"Now, let’s click on the Tool controls bar."
539,Boy displays affection in you.
540,"""And when he had spoken, he had taken him, he had found him."""
541,"""And he said unto them, If he was a certain man, he was called unto them."""
542,"""Inhale, raise the right nostril, raise the right nostril."""
543,"Now, we can see that the output is displayed here."
544,"""And when they had heard that they had heard him, he had heard him, he went into the people."""
545,Boy displays affection in you.
546,"""And he said unto them, If ye shall not be able to be able to be able to pass."""
547,We can see that the output is true.
548,"In this tutorial, we have learnt about:"
549,"""In this lesson you will be able to create a few rounds."""
550,We can see that the output is true.
551,"""In this lesson you will learn about Surya Padmasana, Bhakti Yoga and asana."""
552,"So, type: System dot out dot println within brackets and double quotes stud2 dot println within brackets."
553,"""After studying this lesson, you will be able to"""
554,"""After studying this lesson, you will be able to"""
555,We can see that the output is displayed.
556,"""In this lesson you will learn about: One who is known aspective"""
557,What is the king?
558,"To record this tutorial, I am using: Ubuntu Linux OS 16.04"
559,"""In this lesson you will be able to be able to learn about the body."""
560,"In this tutorial, we will learn about:"
561,We can see that the output is displayed in the number of the string.
562,"""And he said unto them, I say unto you, I say unto you, I say unto you."""
563,"Now, click on the image."
564,You all please speak.
565,"So, I can see that there is a bit darker."
566,We can see that the output has been copied by default.
567,This is a tree.
568,You all must speak.
569,"""And he said unto them, Verily I say unto you, I say unto you, I say unto you, I say unto you."""
570,"In this tutorial, we will learn about:"
571,"Now, we can see that the output is displayed here."
572,"For more details, please write to contact@spoken-tutorial.org"
573,"""After studying this lesson, you will be able to:"""
574,We will see the output.
575,This is a tree.
576,"""After studying this lesson, you will be able to"""
577,"""And he said unto them, A certain woman of the disciples of the Jews, and the Jews, and the Lord Jesus Christ."""
578,"""Survato: One who is the most of the most important of the world, which is the most important of the world."""
579,We can see that the output is displayed.
580,"""And he said unto them, If he was a certain man, he was called unto them, he was called unto them."""
581,"To do so, go to the terminal, type the terminal and press Enter."
582,Let us go back to the terminal.
583,The fruit of the two armies.
584,These two are two are two.
585,"""After studying this lesson, you will be able to"""
586,"So, type:"
587,We can see that the output is displayed here.
588,Those two are two girls.
589,"""In this lesson you will learn about: One who is known aspective"""
590,Click on the Add button at the bottom of the page.
591,"From the drop-down, click on the tab."
592,"Now, we can see that the output is displayed here."
593,We will also learn how to create a constructor.
594,"In this tutorial, we will learn how to create a new Budget."
595,"Now, we will see the output as shown here."
596,This brings us to the end of this tutorial.
597,"In this tutorial, we will learn about:"
598,"In this tutorial, we will learn about:"
599,"So, I can see that the layer mask is selected."
600,"""After studying this lesson, you will be able to"""
601,What is the conch of the chariot?
602,We can see that the output is displayed.
603,"Now, click on the mouse button at the bottom of the page."
604,"""In this lesson you will be able to be able to another."""
605,"""After studying this lesson, you will be able to"""
606,"In this tutorial, we will learn about:"
607,"Now, let us see what happens here."
608,We can see that the output is displayed.
609,In this lesson you will learn about:
610,"To do so, go to the terminal, click on the tab."
611,Let us see what happens if you want to do this?
612,This is a tree.
613,We can see that the output is displayed in the same directory.
614,"So, I will type: ls space testdir space testdir space testdir directory."
615,Boy displays affection in you.
616,"""In this lesson you will learn about the five rounds."""
617,We can see that the number of the number of the 'n' and 'n' and 'n' and 'n' means 'n' and 'n' and 'n' and 'n' and 'n' and 'n' and 'n' and 'n' and 'n' and 'n' is 'n' and 'n' and 'n' and 'n' and 'n' means 'n' means 'n' and 'n' and 'n' means 'n' and 'n' means 'n' means 'n' means 'n' means 'n' means '
618,"""In this lesson you will learn about the five great elements, which is the five great elements."""
619,"Now, let us see how to execute the program."
620,"""Survato: One who is the most of the most important of the world, which is the most important of the world."""
621,This is a teacher.
622,"""After hearing the godliness, the godliness of the world."""
623,"In this tutorial, we will learn about:"
624,We can see that the output is true.
625,You all must speak.
626,"""And he said unto them, Verily I say unto you, Verily I say unto you, I say unto you, I say unto you, I say unto you."""
627,"""And when he had taken him, he had spoken, he had found him."""
628,This is a teacher.
629,"""In this lesson you will be able to be able to another."""
630,"In this tutorial, we will learn about:"
631,"""In this lesson you will learn about the five great elements."""
632,"Now, type: System dot out dot txt."
633,You all please speak.
634,"""After studying this lesson, you will be able to you."""
635,You all must speak.
636,"""In this lesson you will learn about: One who is the five great elements of the five great elements."""
637,"""And Jesus answered and said unto them, If ye shall believe not."""
638,"Now, let us summarize."
639,"To do so, click on the tab."
640,"""And Jesus answered and said unto them, I say unto you, I say unto you, I say unto you, I say unto you."""
641,"To record this tutorial, I am using: Ubuntu Linux OS 16.04"
642,"In this tutorial, we will learn about:"
643,We can see that the output is displayed in the file.
644,"""And when they had taken him, they were astonished, they were astonished, and said unto them, What is the people."""
645,This brings us to the end of this tutorial.
646,"""And he said unto them, A certain man, and said unto him, What is the Son of the Son of the Son of God."""
647,"""After studying this lesson, you will be able to"""
648,"""In this lesson you will learn about: One who is the five great elements, which is the five great elements of nature."""
649,"""After hearing the godliness, the godliness of the world."""
650,"""In this lesson you will be able to develop the ground."""
651,"In this tutorial, we will learn about:"
652,We can see that the output is displayed in the Code Files link.
653,"""In this lesson you have learnt about the three parts of the three parts of the three parts of the three parts of the three parts of the three parts of the three parts of the three parts of the three parts of the three parts of the three parts of the three parts of the three parts of the three parts of the three parts of the three parts of the development of the development of the development of the three parts of the three elements of the development of the development of the development of the development of the development of the development of the development of the development of the development of the development of the development of the development of the development of"
654,"""In this lesson you will be able to learn how to another, they should be able to another."""
655,Click on the tab.
656,We can see that the output is true.
657,Click on the tab.
658,"""In this lesson you will be able to learn about the body."""
659,"""After studying this lesson, you will be able to"""
660,"To follow this tutorial, you will learn about:"
661,"Now, let us summarize."
662,"In this tutorial, we will learn how to create a particular module."
663,"In this tutorial, we will learn about:"
664,"""In this lesson you will be able to be able to another."""
665,"""And Jesus answered and said unto them, What is the Son of the Son of God, and the Son of God, and the Lord Jesus Christ."""
666,We can see that the output is displayed.
667,Click on the tab.
668,"Now, let us see what happens here."
669,"""And he said unto them, Verily I say unto you, I say unto you, I say unto you, I say unto you, I say unto you."""
670,"Now, click on the tab."
671,"""And the chief priests and the chief priests and the chief priests and the chief priests and the chief priests and the chief priests and the chief priests of the chief priests of the chief priests."""
672,"Now, let’s select the image."
673,"""And Jesus answered and said unto them, What is the Son of the Son of the Lord Jesus Christ Jesus."""
674,"""And when they had taken him, they had taken him in the midst of the mountains, they were called Brahman."""
675,"""Inhale, raise the ground, raise the right nostril."""
676,"""After studying this lesson, you will be able to"""
677,"In this tutorial, we will learn about:"
678,"""And when he had heard him, he went into the synagogue, and took him."""
679,"""And he said unto them, If ye shall say unto you, I say unto you, I say unto you."""
680,"""In this lesson you will be able to learn about the world."""
681,"Now, we can see that the name of the file name is displayed in the file."
682,"""Inhale, raise the ground, raise the ground."""
683,"""After studying this lesson, you will be able to:"""
684,"""After studying this lesson, you will be able to"""
685,"Now, click on Save."
686,You can see that the image is not visible.
687,There are no changes in the garden.
688,"So, type: sudo space do hyphen o space hyphen o space hyphen o space hyphen o space hyphen o space hyphen o space hyphen o space hyphen o space hyphen o space hyphen o space."
689,"""And Jesus answered and said unto him, I say unto thee, I say unto thee, Thou shalt thou art thou art thou, and the Son of God."""
690,"Now, I will select the Saturation and press Ctrl + S keys."
691,"""After studying this lesson, you will be able to"""
692,3. What is the main function of India?
693,"""After studying this lesson, you will be able to"""
694,3. What is the main method of the two types of the world?
695,Boy displays affection in you.
696,"""After studying this lesson, you will be able to"""
697,What is the son of the world?
698,"""Inhale, raise the right nostril."""
699,"""And he said unto them, I say unto you, A certain man, Antioch: for it is a man, and the Son of the Son of the Lord, and the kingdom of the Lord, and the Lord Jesus Christ."""
700,"""And the chief priests and the chief priests and the chief priests and the chief priests and the chief priests and the chief priests of the chief priests of the chief priests."""
701,We can see that the output is displayed here.
702,We can see that the output is displayed in the Code Files link.
703,"""And when they had taken him, he went out of the synagogue, and took him."""
704,"So, we can see that the output is displayed here."
705,This is a tree.
706,"""After studying this lesson, you will be able to"""
707,ii. Breathing
708,"""After studying this lesson, you will be able to you."""
709,Boy displays affection in you.
710,"To do so, go to the terminal, click on the tab."
711,"So, we can see that the output is not visible."
712,"""And when they had taken him, they were able to another, they were able to eat."""
713,"""For I say unto you, I say unto you, I say unto you, I say unto you, I say unto you."""
714,"""In this lesson you will learn about the five great elements."""
715,"""And he said unto them, Verily I say unto you, I say unto you, I say unto you, I say unto you."""
716,Click on the Add button at the bottom of the page.
717,"""And he said unto them, If ye shall say unto him, What is the Son of God."""
718,"Now, let us see what happens here."
719,"""And he said unto them, If he was a certain man, he was a certain man, he was called unto them."""
720,You all must speak.
721,"Now, type the following code as shown here."
722,"Now, let us see how to add a new Budget."
723,"For more details, please write to contact@spoken-tutorial.org"
724,3. What is the main function of India?
725,We can see that the output is displayed.
726,"""After studying this lesson, you will be able to"""
727,Click on Save.
728,"So, we can see that the value of the value of the value of the image is displayed."
729,"""After studying this lesson, you will be able to"""
730,"""After studying this lesson, you will be able to:"""
731,Child has love in you all.
732,"""After studying this lesson, you will be able to:"""
733,"In this tutorial, we will learn about:"
734,"""And when they had heard that they had heard him, he had heard him."""
735,"""In this lesson you will be able to be able to be able to passive"""
736,Boy displays affection in you.
737,"""In this lesson you will be able to be able to be able to another."""
738,"""After studying this lesson, you will be able to"""
739,What is the main cause of the world?
740,"""And Jesus answered and said unto them, If ye shall say unto you, I say unto you."""
741,"""In this lesson you will be able to create a few rounds."""
742,"Now, let us see what happens if you want to do this?"
743,What is the son of the world?
744,"""And he said unto them, I say unto you, I am able to be able to be able to be able to be able to see."""
745,"To do so, click on the tab."
746,We can see that the output is true.
747,"Now, let’s click on the image."
748,"Now, let us see how to print the main method."
749,"So, type: sudo space minus c space test space test space test space test space test space test space test space test space test space test space testdir."
750,"If not, for relevant tutorials, please visit our website."
751,"To do so, go to the terminal, type the terminal and press Enter."
752,"""In this lesson you will learn about:"
753,We can see that the output is true.
754,"""And he said unto them, Verily I say unto you, I say unto you, I say unto you, I say unto you, I say unto you."""
755,"""And the chief priests and the chief priests and the chief priests and the chief priests and took him."""
756,"To do so, go to the terminal, click on the tab."
757,What is those ?
758,"""And he said unto them, I say unto thee, I say unto thee, Saul, I say unto thee, Saul, Saul, and the Son of God, and the Son of God."""
759,"""And he said unto them, A certain man which was a certain man, and the people of the Jews, and of the Jews, and the people of the Jews, and of the Jews, and the Jews, and the Jews, and of the Jews, and of the Jews which were in heaven."""
760,Those two are two girls.
761,3. What is the main function of the main function of India?
762,"So, we can see that the output is not visible."
763,"Now, let us see how to create a new Budget."
764,"Now, type the command: ls space minus l and press Enter."
765,"Now, I will select the Brush tool and select the layer mask."
766,"""Inhale, raise the right nostril."""
767,"""And he said unto them, I say unto you, If ye shall not say unto you, I say unto you."""
768,"""And he said unto them, I say unto you, If ye shall not say unto you."""
769,We can see that the output has been copied.
770,"""After studying this lesson, you will be able to"""
771,"""In this lesson you will be able to create a single point of the body."""
772,"""And when they saw that they were taken from the midst of the sun, the garden."""
773,"""And Jesus answered and said unto him, I say unto you, I say unto you, I say unto you, I say unto you."""
774,You can see that the output is not visible.
775,"Now, let us see what happens here."
776,"Now, let us see how to create a new user."
777,"Now, let us see how to add a new user account."
778,"So, I can see that the image is not visible."
779,"Now, let us go back to the terminal."
780,"""And when they had heard that they had heard them, they had heard them that they had heard him."""
781,Let us summarize.
782,"""Inhale, raise the ground, raise the ground."""
783,"Now, I will select the image and click on the image."
784,"To do so, go to the top right corner of the page, click on the left side of the page."
785,"In this tutorial, we will learn about:"
786,"Now, click on the left side of the canvas."
787,Let us summarize.
788,Child has friendship on you all.
789,We can see that the output is displayed in the current directory.
790,We can see that the output is displayed as percentage.
791,"""In this tutorial, we have learnt about the three days of the three days of the three days of the three days of the three days of the three days of the earth."""
792,I will do this.
793,"In this tutorial, we will learn how to create a new Budget."
794,I will speak.
795,"To follow this tutorial, you will learn about:"
796,"""And when they had heard that they had heard him, he had heard him, he went into the people."""
797,"For more details, please write to contact@spoken-tutorial.org"
798,"""And Jesus answered and said unto them, What is the Son of the Son of God, and the Lord Jesus Christ."""
799,"To do so, go to the terminal, click on the tab."
800,We can see that the output is displayed here.
801,"""And he said unto them, If ye shall say unto you, I say unto you."""
802,Click on Save.
803,"""And when they had taken him, they were astonished, he went out of the people, and took him."""
804,We can see that the number of the number of the array is displayed in the system.
805,We can see that the output is displayed.
806,"""Slowly raise the legs, raise the ground"""
807,"Now, let us see how to execute the program."
808,The fruit of the two armies.
809,1. Functions of body
810,We can see that the output is displayed here.
811,We can see that the output is displayed.
812,"""And when they had taken the sun, the sun, the sun, the sun of the earth."""
813,Click on the tab.
814,"Now, let us switch back to our slides."
815,"So, I select the image and you can see here."
816,"In this tutorial, we will learn about:"
817,What is the son of the son of the world?
818,"""After studying this lesson, you will be able to"""
819,"""And he said unto them, I say unto you, I say unto you, I say unto you, I say unto you, I say unto you."""
820,"To do so, go to the terminal, click on the tab."
821,We can see that the output is displayed here.
822,Click on Save.
823,"""And Jesus answering said unto them, What is the Son of the Lord Jesus Christ Jesus."""
824,"In this tutorial, we will learn how to create a particular module."
825,"For more details, please write to contact@spoken-tutorial.org"
826,We can see that the output is displayed.
827,We can see that the output is displayed.
828,"To do so, click on the tab."
829,"In this tutorial, we will learn about:"
830,Child has affection in you.
831,"In this tutorial, we will learn about:"
832,"To record this tutorial, I am using: Ubuntu Linux OS 16.04"
833,"""And he said unto them, I say unto you, If ye shall say unto you, I say unto you."""
834,"""And he said unto them, If ye shall say unto him, I say unto you, I say unto you, I say unto you."""
835,"Now, click on the tab."
836,"""And he said unto them, A certain man, and said unto him, If ye shall say unto him, I say unto him, I say unto you, I say unto you, I say unto you, I say unto you."""
837,We can see that the output has been copied by default.
838,Type the following code as shown here.
839,"""And he said unto them, I say unto you, I say unto you, I say unto you, I say unto you, I say unto you."""
840,"""And he said unto them, If ye shall say unto you, I say unto you, I say unto you."""
841,"So, I select the layer mask and you can see the layer mask."
842,"""And when they had heard him, he had heard him, he went into the synagogue, and took him."""
843,We can see that the output is displayed here.
844,"To do so, go to the terminal. Press Enter."
845,"Now, I will change the values of the file as shown here."
846,"Now, let us come back to the program."
847,"""Inhale, raise the right nostril, raise the right nostril and the right nostril."""
848,Scroll down and click on Save button at the bottom of the page.
849,"""In this lesson you will be able to be able to be able to another."""
850,The fruit of the two armies.
851,"So, you can see that the image is not visible."
852,"Now, let us go to the end of the page."
853,The fruit of the two armies.
854,What is the main cause of the world?
855,"To do so, go to the terminal and press Enter."
856,Boy displays affection in you.
857,We can see that the output is displayed.
858,"Now, let us see how to create a new Budget."
859,"To do so, go to the terminal, click on the tab."
860,"So, type: System dot out dot txt."
861,"""Sama: One who is the form of the Vedas, which is the Vedas."""
862,"To do so, go to the terminal, type: System dot txt."
863,"To do so, let us go to the Koha interface."
864,"In this tutorial, you will learn about:"
865,Let us go to the end of this tutorial.
866,The fruit of the god is there.
867,Let us summarize.
868,"""In this lesson you will be able to be able to another."""
869,"Let us summarize. In this tutorial, we learnt to:"
870,We can see that the output is displayed here.
871,"If you do not be able to do so, you can be able to do this?"
872,"""And when they had taken him, they were astonished, they were astonished, and said unto him, The people that they were sabbath day."""
873,We can see that the output is displayed here.
874,"In this tutorial, we will learn about:"
875,"In this tutorial, we will learn how to create a new Budget."
876,You can see that there is a small amount of the system.
877,Who is the son of the son?
878,"""In this lesson you will be able to learn how to learn about the body."""
879,"Now, I will select the Saturation and press Ctrl + A keys."
880,"""And he said unto them, A certain man, and said unto him, Thou shalt not come to the Son of God."""
881,We will also learn about the basic shapes.
882,"In this tutorial, we will learn how to create a new Budget."
883,"""After studying this lesson, you will be able to:"""
884,We can see that the output is displayed in the file.
885,We can see that the output is displayed here.
886,"Now, click on Save."
887,"""And he said unto them, I say unto you, I say unto you, I say unto you."""
888,"To do so, go to the top right corner of the page."
889,"""In this lesson you will be able to be able to another."""
890,"""And when they had taken their eyes, they were able to pass, they were able to eat."""
891,"""And Jesus answered and said unto them, If ye shall say unto them."""
892,"""And he said unto them, What is the Lord? And he saith unto them, What is the Lord is the Son of God?"""
893,"""In this lesson you will learn about the five great elements."""
894,"""And when they had taken him, they had taken him in the midst of the mountains of the world."""
895,What is the mother of the mothers.
896,"""And he said unto them, Verily I say unto you, I say unto you."""
897,Welcome to the spoken tutorial on C++.
898,"""And he said unto them, I say unto you, I say unto you, I say unto you."""
899,We can see that the output is displayed here.
900,"""And when he had spoken, he had spoken unto them, he went into the people."""
901,You all must speak.
902,"""In this lesson you have learnt about the three parts of the three parts of the three parts of the three parts of the three parts of the three parts of the three parts of the root directory."""
903,"Now, let us see how to add a new user, we can see how to create a new user."
904,"""In this lesson you have learnt about the five great elements of the world, and the earth."""
905,"""After studying this lesson, you will be able to"""
906,"""In this lesson you will be able to create a few rounds."""
907,"""In this lesson you will learn about Surya Padmasana, Bhakti Yoga."""
908,The fruit of the two armies.
909,"So, I can select the layer mask and you can see the image."
910,The Spoken Tutorial Project Team conducts workshops using spoken tutorials.
911,"""In this lesson you have learnt about the five great elements, which is called asanas and the body."""
912,This brings us to the end of this tutorial.
913,We can see that the output is displayed as percentage.
914,"In this tutorial, we will learn about:"
915,"""After studying this lesson, you will be able to"""
916,"""And he said unto them, If he was a certain man, he was a man."""
917,"""And he said unto them, If he was a certain man, he was called unto them."""
918,"""After studying this lesson, you will be able to"""
919,"Now, let us go to the terminal."
920,"""Inhale, raise the right nostril, raise the right nostril and the right nostril."""
921,Let us go back to the terminal.
922,"So, we can see that the value of the current directory is the value of the current directory."
923,These are two trees.
924,"From the drop-down, click on the tab."
925,"""And he said unto them, Verily I say unto you, If I say unto you, I say unto you, I say unto you, I say unto you, I say unto you."""
926,I will do this.
927,"To record this tutorial, I am using:"
928,"So, type: sudo space “cpp” space “c” space “c” space “c” space “c” space “c” space “c” space “c” space “c” space “c” space “c” space “c” space “c” space “c”"
929,"To do so, go to the terminal and press Enter."
930,"To do so, go to the terminal, click on the tab."
931,2. What is the main function?
932,The Spoken Tutorial Project Team conducts workshops using spoken tutorials.
933,We can see that the output is displayed as follows.
934,"In this tutorial, we will learn how to create a new Budget."
935,"So, I can select the layer mask and you can see the layer mask."
936,What is the main cause of the world?
937,"""And Jesus answered and said unto them, What is the Son of the Son of God, and the Lord Jesus Christ."""
938,You all must speak.
939,"Now, we can see the output as shown here."
940,"""And he said unto them, If he was a certain man, he was called unto them."""
941,"""And he said unto them, A certain man which was called a certain man, and the seven angels of the earth, and the seven angels of the earth, and the earth, and the earth."""
942,ii.1
943,"So, I will select the values of the Saturation and the Saturation."
944,Click on the tab.
945,We can see that the output is true.
946,"""In this lesson you have learnt about the five great elements of the world, and the earth."""
947,"""And he said unto them, Take a certain man, that they may be able to be able to another."""
948,"""And he said unto them, I say unto you, I say unto you, I say unto you, I say unto you, I say unto you."""
949,"""And he said unto them, A certain woman of the Jews, and the Jews which is the Jews, and the Son of the kingdom of the kingdom of the Lord, and the kingdom of God, and the kingdom of God, and the kingdom of God."""
950,"In this tutorial, we will learn about:"
951,This is a teacher.
952,"Now, type the following code as shown here."
953,What is the main cause of the world?
954,"Now, I will select the Saturation and press Ctrl + Ctrl + Ctrl + Ctrl + A keys."
955,"""And he said unto them, If ye shall say unto him, I say unto you, I say unto you, I say unto you."""
956,"""In this lesson you can see that the process of the three parts of the process of the three days of the earth, the earth are called 'n' and the earth' and the sun."""
957,"Now, type the following code as shown here."
958,"Now, type the command: ls space testdir space testdir and press Enter."
959,"""And Jesus answered and said unto them, If ye shall say unto him, I say unto you, I say unto you."""
960,"Now, let us see what happens here."
961,"In this tutorial, we will learn how to create a particular module."
962,"To do so, go to the terminal, click on the tab."
963,"To do so, go to the terminal and press Enter."
964,I will do this.
965,"""And he said unto them, I say unto you, A certain man's house, and the kingdom of God, and the kingdom of God."""
966,We can see that the output is displayed here.
967,"Now, let us go to the Koha interface."
968,"To record this tutorial, I am using: Ubuntu Linux OS 16.04"
969,"""In this lesson you will learn about the great elements of the world, which is the world."""
970,"""And he said unto them, I say unto you, I say unto you, I say unto you, I say unto you, I say unto you."""
971,"""Inhale, raise the ground, raise the right nostril."""
972,"""And he said unto them, If ye shall say unto you, I say unto you, I say unto you."""
973,"""And Jesus answered and said unto them, If ye shall say unto you, I say unto you, I say unto you, I say unto you."""
974,We can see that the output is true.
975,We can see that the output is displayed here.
976,Click on the tab.
977,Let us summarize.
978,"To do so, go to the terminal and press Enter."
979,We can see that the output is displayed.
980,"""And when he had taken him, he had taken him, they were astonished, and said unto them, Weeped."""
981,We can see that the output has been added.
982,Click on the drop-down button at the bottom of the page.
983,What is the main cause of the world?
984,"So, we can see that the output is displayed in the current directory."
985,In this lesson you will learn about:
986,"In this tutorial, we will learn about:"
987,"""After studying this lesson, you will be able to"""
988,"""After studying this lesson, you will be able to"""
989,"Spoken Tutorial Project is funded by NMEICT, MHRD, Government of India."
990,We can see that the output is displayed in the file.
991,"In this tutorial, we will learn how to create a new Budget."
992,"""In this lesson you will learn about the five great elements."""
993,"""And he said unto them, I say unto you, If ye shall say unto you, I say unto you, I say unto you."""
994,"""In this lesson you will be able to learn about the body."""
995,"""And Jesus answered and said unto him, Thou shalt thou shalt thou shalt thou, and the Son of the Son of God."""
996,"""After studying this lesson, you will be able to:"""
997,"""And he said unto them, Lord, What is the Son of the Son of the Son of the Lord Jesus Christ, and the Lord Jesus."""
998,I will select the image.
999,We can see that the output has been copied by default.
1000,"""In this lesson you will be able to create a few rounds."""
